"pds","https://pds.nasa.gov/pds4/pds/v1/PDS4_PDS_JSON_1F00.JSON","1.15.0.0","2020-12-23T15:16:28Z"
"cart","https://pds.nasa.gov/pds4/cart/v1/PDS4_CART_1F00_1950.JSON","1.15.0.0","2020-12-21T21:48:19Z"
"ctli","https://pds.nasa.gov/pds4/ctli/v1/PDS4_CTLI_1F00_1200.JSON","1.15.0.0","2020-10-14T02:55:43Z"
"disp","https://pds.nasa.gov/pds4/disp/v1/PDS4_DISP_1F00_1500.JSON","1.15.0.0","2020-12-15T22:09:58Z"
"geom","https://pds.nasa.gov/pds4/geom/v1/PDS4_GEOM_1F00_1910.JSON","1.15.0.0","2021-01-12T00:37:40Z"
"img","https://pds.nasa.gov/pds4/img/v1/PDS4_IMG_1F00_1810.JSON","1.15.0.0","2020-10-14T02:55:04Z"
"img_surface","https://pds.nasa.gov/pds4/img_surface/v1/PDS4_IMG_SURFACE_1F00_1240.JSON","1.15.0.0","2021-01-12T00:56:39Z"
"msn","https://pds.nasa.gov/pds4/msn/v1/PDS4_MSN_1F00_1300.JSON","1.15.0.0","2020-10-14T02:55:21Z"
"msn_surface","https://pds.nasa.gov/pds4/msn_surface/v1/PDS4_MSN_SURFACE_1F00_1200.JSON","1.15.0.0","2020-10-14T02:55:29Z"
"msss_cam_mh","https://pds.nasa.gov/pds4/msss_cam_mh/v1/PDS4_MSSS_CAM_MH_1F00_1000.JSON","1.15.0.0","2020-10-14T02:55:53Z"
"nucspec","https://pds.nasa.gov/pds4/nucspec/v1/PDS4_NUCSPEC_1F00_1000.JSON","1.15.0.0","2020-10-14T20:41:26Z"
"proc","https://pds.nasa.gov/pds4/proc/v1/PDS4_PROC_1F00_1210.JSON","1.15.0.0","2020-12-09T03:22:22Z"
"rings","https://pds.nasa.gov/pds4/rings/v1/PDS4_RINGS_1F00_1A00.JSON","1.15.0.0","2020-12-02T19:08:01Z"
"speclib","https://pds.nasa.gov/pds4/speclib/v1/PDS4_SPECLIB_1F00_1100.JSON","1.15.0.0","2020-10-14T02:55:48Z"
"sp","https://pds.nasa.gov/pds4/sp/v1/PDS4_SP_1F00_1300.JSON","1.15.0.0","2020-11-03T19:47:46Z"
"survey","https://pds.nasa.gov/pds4/survey/v1/PDS4_SURVEY_1F00_1000.JSON","1.15.0.0","2020-10-14T20:41:17Z"
"cassini","https://pds.nasa.gov/pds4/mission/cassini/v1/PDS4_CASSINI_1B00_1200.JSON","1.11.0.0","2019-02-12T18:36:40Z"
"chan1","https://pds.nasa.gov/pds4/mission/chan1/v1/PDS4_CHAN1_1E00_1110.JSON","1.14.0.0","2020-11-25T19:46:18Z"
"dawn","https://pds.nasa.gov/pds4/mission/dawn/v1/PDS4_DAWN_1B00_1100.JSON","1.11.0.0","2020-09-25T15:41:09Z"
"hyb2","https://pds.nasa.gov/pds4/mission/hyb2/v1/PDS4_HYB2_1E00_1000.JSON","1.14.0.0","2020-12-09T04:33:56Z"
"insight","https://pds.nasa.gov/pds4/mission/insight/v1/PDS4_INSIGHT_1B00_1870.JSON","1.11.0.0","2019-08-02T21:49:46Z"
"juno","https://pds.nasa.gov/pds4/mission/juno/v1/PDS4_JUNO_1D00_1110.JSON","1.13.0.0","2020-04-02T14:48:16Z"
"mvn","https://pds.nasa.gov/pds4/mission/mvn/v1/PDS4_MVN_1D00_1110.JSON","1.13.0.0","2021-02-22T22:46:08Z"
"mer","https://pds.nasa.gov/pds4/mission/mer/v1/PDS4_MER_1B10_1000.JSON","1.11.1.0","2019-08-27T14:27:09Z"
"mess","https://pds.nasa.gov/pds4/mission/mess/v1/PDS4_MESS_1B00_1101.JSON","1.11.0.0","2020-12-05T00:34:19Z"
"orex","https://pds.nasa.gov/pds4/mission/orex/v1/orex_ldd_OREX_1400.JSON","1.7.0.0","2020-11-06T17:27:52Z"
"vg1","https://pds.nasa.gov/pds4/mission/vg1/v1/PDS4_VG1_1900_1000.JSON","1.9.0.0","2019-01-30T20:38:03Z"
"vg2","https://pds.nasa.gov/pds4/mission/vg2/v1/PDS4_VG2_1900_1000.JSON","1.9.0.0","2019-01-30T20:42:29Z"
